period,real_GDP_per_capita_growth,real_consumption_per_capita_growth,real_investment_per_capita_growth,hours_worked,hours_growth,inflation,real_wage_per_capita_growth,interest_rate,shadow_interest_rate
1970-10-01,1.0566602514454626,1.8973111046099778,-0.35193152344937806,20.336855163356176,-0.05399067122935364,1.120741732495345,2.6506156565220707,1.8105566300914726,1.8105566300914726
1971-01-01,-0.322925447493394,-0.721944415110598,-0.7875561275842324,20.01673077805765,-0.05502682801594716,2.652055685785637,0.9630761063005977,1.629206132765845,1.629206132765845
1971-04-01,1.1242074332438623,1.6803578736679148,2.9695094938765876,19.69139240509537,-0.05595411146268603,1.1282118597408353,1.2274649918081693,1.484642596261495,1.484642596261495
1971-07-01,1.397906303005625,0.8534117964683174,-0.039138360665963434,19.361533169580184,-0.05676362530779855,1.4702638256549605,2.0333916520472783,1.5565355416598625,1.5565355416598625
1971-10-01,0.6414374302738057,0.7767487599136702,1.0812273773325498,19.00117692043284,-0.0620485347869959,1.3710117228231233,1.5785995073676062,1.501438848106065,1.501438848106065
1972-01-01,1.3189130864922571,0.9604765440314189,0.31511449594138763,18.638189831832392,-0.06254047734834955,2.213269036384391,2.2318873084429924,1.261635962167525,1.261635962167525
1972-04-01,0.5177763849555816,0.19651652490733085,1.2821694009280127,18.273876256121753,-0.06280837549201834,1.3996033215087689,0.8798080252091722,1.188406046885495,1.188406046885495
1972-07-01,1.2035142329656967,2.2621916077225412,1.051760381386363,17.909599887231593,-0.06284142862904574,1.4122010823741427,1.4743527108446841,1.2143194841473626,1.2143194841473626
1972-10-01,1.2973865160127884,0.9137113764168481,1.622640601785258,17.84064978882975,-0.011899048779362431,1.8082288182799555,1.428277630400565,1.598692666513825,1.598692666513825
1973-01-01,1.7499380506905915,0.8190147169788053,1.912440872974458,17.770465701112585,-0.012113458511819886,3.132466536831968,2.082946390668994,1.697821497971905,1.697821497971905
1973-04-01,1.0470849570234142,1.1788197942959266,0.7727558731868145,17.696021456428753,-0.012850346348702857,2.3872514679276424,1.2172546157229291,2.1213343583088373,2.1213343583088373
1973-07-01,1.2047330261546474,0.29965631195796316,1.0254201206023161,17.614292174490743,-0.014109769906944791,2.7084366211994837,1.479587200193322,2.55277114605455,2.55277114605455
1973-10-01,0.9264923363824673,1.8330004292918867,1.1864574815377393,17.312784766187747,-0.052069563619205894,2.127699406224348,2.2392977010305515,2.770609413834225,2.770609413834225
1974-01-01,0.8240066985008898,0.247808905809066,0.7057861233467633,17.000871901032497,-0.05389510686848453,3.333578351841604,1.0140311444278183,2.8067048559741,2.8067048559741
1974-04-01,0.018519945778106006,1.0625664350650155,-1.8713054913472416,16.678561235380812,-0.055722264471835814,3.4444619490741957,1.805915746830955,2.866339236222925,2.866339236222925
1974-07-01,0.5155270488235164,0.08205114865456054,0.9542722994536401,16.34581151977966,-0.0575595991947786,3.497217983612,0.4716687545096576,2.881005348901725,2.881005348901725
1974-10-01,-1.7709306657896162,-0.9527199651273133,-3.13176174808234,15.625517378179211,-0.12471127656095149,3.314585244699453,1.4988593146684437,2.6649149068604,2.6649149068604
1975-01-01,-1.103839528110484,0.2612645565809313,-2.0134213792706026,14.897464643540388,-0.12621284424492174,2.56009433922908,0.7826533417714998,2.203458881274725,2.203458881274725
1975-04-01,0.34717858969433024,1.0616881237426323,-2.2745092322742133,14.167227374742652,-0.1267517650891392,2.4708271834429585,1.4389774953173173,1.76380823939828,1.76380823939828
1975-07-01,0.7195572464260946,1.2407672707430928,-0.18322411046267084,13.440471348202095,-0.12630721938000633,2.011544771217677,1.807100138828055,1.595552789264585,1.595552789264585
1975-10-01,0.8791333025595094,1.2863794356967384,1.374950015324139,13.391081378550325,-0.008589566479066946,2.0617409979656554,0.9085893610441431,1.649697580080995,1.649697580080995
1976-01-01,1.444958634165272,1.495331334999439,0.2770990490379155,13.349270657174998,-0.007272012046133369,2.0447908907995416,0.8918268202299018,1.75017364680667,1.75017364680667
1976-04-01,1.1003062827201093,-0.2034273201780623,0.24987816519728145,13.310463267573596,-0.006750124892818121,4.062483503740788,0.576794223248811,2.141929458452045,2.141929458452045
1976-07-01,0.6574722218780193,0.4580918014067459,-0.09197451194083994,13.270086779239364,-0.007023536296557609,2.750796639920461,1.5362214736441615,2.3370960660669673,2.3370960660669673
1976-10-01,1.4088954832689016,1.04672918034876,2.5522513124472903,12.892582471680157,-0.06569118386359207,2.5384250713220258,1.203034491697963,2.301393452735605,2.301393452735605
1977-01-01,0.2228133505717267,0.21271464123397976,0.8711004090578456,12.509219256669326,-0.06675491056418181,2.341138988823177,0.6613029572722695,2.553579086669625,2.553579086669625
1977-04-01,-0.0583910335768989,0.7599923702653166,-2.077704819596299,12.12045077442599,-0.06774166773100276,3.041717804026156,1.2400123193291535,2.3429269086410276,2.3429269086410276
1977-07-01,-0.11932432415786565,0.8804750573689235,0.47378993650604717,11.7267485989031,-0.06864814659035545,2.141633920952213,0.48653797047091274,2.2495956208835,2.2495956208835
1977-10-01,0.985966919907888,0.501344646750157,1.4155235665364807,11.27545220506363,-0.07874861607701789,2.2139991675974358,0.8994258107556163,2.2824395212866624,2.2824395212866624
1978-01-01,0.4323934397269191,-0.5604893009081513,0.09404603754681329,10.820845652431558,-0.07938896673485019,2.3439672937763056,1.1862869965145961,2.0142485510656476,2.0142485510656476
1978-04-01,0.9201886719995445,0.6050610797841971,0.18159091699818664,10.364355297764519,-0.07978140823263757,2.386629089475667,0.4377299172894311,1.9773166263833926,1.9773166263833926
1978-07-01,0.24693840858103222,0.5590158594536154,0.3064179607687456,9.907491332854875,-0.07991048438622528,2.225612751651118,1.055818520508467,2.2930043400864126,2.2930043400864126
1978-10-01,0.9574825209015314,0.8862632341229748,1.4897971680147837,9.718855142924895,-0.03301315985684283,2.0033098376790015,0.8613570158571449,2.2841653145241225,2.2841653145241225
1979-01-01,0.27696863961850227,0.4914179080018677,-1.674163080668023,9.529583921512653,-0.033135253924587715,2.2015061535689107,1.0710337602485964,1.92423440155317,1.92423440155317
1979-04-01,1.3507888898868892,1.729613257667073,3.9061071108819623,9.337386319952657,-0.033658807363767806,2.3715358074140713,0.39560521265631365,2.3375902944790123,2.3375902944790123
1979-07-01,0.26453295012380806,-0.45251354105055874,0.7098176262740119,9.140089433931507,-0.03456361297189403,2.8684942012179526,1.2245874352842634,2.755488881293275,2.755488881293275
1979-10-01,0.6955564092712141,1.1303804364812375,1.8074135431726979,8.942599004478097,-0.034609487190451205,2.649521535703414,0.8183927806935998,3.17338721811035,3.17338721811035
1980-01-01,0.684573047225201,0.857281331267834,2.214533282858122,8.735934101979637,-0.036230110924506675,2.8893751416484648,0.707663088269328,3.183740725549275,3.183740725549275
1980-04-01,-0.729940835877696,-0.7521207289069354,-1.4463961815971649,8.518203124488537,-0.03818429240531884,2.62100711034976,-0.17207468533513293,3.30923516065685,3.30923516065685
1980-07-01,-0.3200656755618869,0.7138289956624355,-0.4117265146422522,8.287637146327938,-0.04045111556703063,2.3358734461072395,0.27520741697628637,3.059722716248625,3.059722716248625
1980-10-01,-0.219047626701796,0.3522073180548313,-0.9823399029549318,7.775676273005274,-0.08987834057894162,2.113686380027735,0.7728002152314062,3.165789021018725,3.165789021018725
1981-01-01,-0.17164303320054142,0.001307255500004878,-0.6260451651067256,7.25103646452169,-0.09218810048006176,2.2707900510613666,0.09752697874318983,3.358182541987325,3.358182541987325
1981-04-01,0.02990653246384145,-0.29131401249662403,-0.3090780355771705,6.716183328400575,-0.09407032116444114,2.969553764003896,0.8885067608291664,3.87692498786885,3.87692498786885
1981-07-01,0.006205115979684983,0.09687738600145934,-1.4097925316783222,6.173641679807929,-0.09551307725406133,2.8280918669964183,0.6374385065003096,4.0333081922351,4.0333081922351
1981-10-01,-0.034029734537277534,0.6380748116791235,-2.9118796548794346,5.545824670083903,-0.11063957069001873,2.730558273031214,0.49403727123547014,3.856533688171375,3.856533688171375
1982-01-01,0.14597470046582295,-0.2887538243818044,-0.23043419943661325,4.916163491280486,-0.11108765428131662,2.3547487465909622,0.17190290224888827,3.5827892842398,3.5827892842398
1982-04-01,-0.12909329213428578,-0.665256427931582,-0.8676602926660948,4.288467256241347,-0.1108639540183809,2.7547441249333726,-0.11148957674578241,3.599969601991975,3.599969601991975
1982-07-01,-0.7943806671163234,-0.5271920215224046,-1.4949585849638847,3.666552767628673,-0.10996412863200078,2.142537442990511,0.21102568716528936,3.337346587067325,3.337346587067325
1982-10-01,-0.21182021522929695,0.6262313079183901,-1.4332372779245761,3.1845180754029343,-0.0853144723457433,2.125352608565123,0.17276526521481372,3.151618638734975,3.151618638734975
1983-01-01,0.41463755159678595,-0.04869127821249819,-0.11978097888734052,2.714641155961317,-0.08323280340967187,2.101396515122911,-0.305574370079853,2.971581827306275,2.971581827306275
1983-04-01,0.40979084169048274,-0.04789890548462239,-0.17994146456611348,2.25866091952264,-0.0808374683639812,1.856222421788889,0.624818345293221,2.9618527398074,2.9618527398074
1983-07-01,0.024343874187815473,-0.33542227232323807,0.04408076763566804,1.8182449555321227,-0.07814027832866444,2.2058236264400843,0.6568763105255115,3.054627958352075,3.054627958352075
1983-10-01,0.8605200638243327,0.9662217934337081,-1.220811542394179,1.3474564871191888,-0.083596659487295,1.9677789591865391,0.005573444063067257,3.042251469535825,3.042251469535825
1984-01-01,0.6367590534831269,0.5404501404300932,-0.33892177748455765,0.8957915259188667,-0.08026668612757248,1.7477364771027126,0.6028126571356651,2.857890285500275,2.857890285500275
1984-04-01,-0.6835546822113514,-0.46926669842806135,-2.6496206511629428,0.46531675229050506,-0.07656092761996192,1.4633581766759551,-0.9685939971282309,2.714452658265925,2.714452658265925
1984-07-01,0.8248841200742874,-0.018246656749432155,1.0690046440761936,0.05794989049729793,-0.07250515274677127,1.5934657468293256,0.7152805561666753,2.603363701784,2.603363701784
1984-10-01,0.31872442884572916,0.45217853269672315,1.1694683209058088,-0.28408000193530825,-0.06091678338986384,0.9910083608934972,0.9350870941492673,2.5319990351627,2.5319990351627
1985-01-01,0.041712706598096005,0.6916286690494156,-1.8124851638574357,-0.6001430944975255,-0.05632500938430596,1.6564268793405557,0.4939488251405777,2.465829274055615,2.465829274055615
1985-04-01,0.7756237982418757,0.3900758286846884,1.3642792682240168,-0.889447889639996,-0.0515842882432338,1.3245969176844952,0.3561926919987357,2.4903691873471177,2.4903691873471177
1985-07-01,0.677183741647136,0.3515617814065175,1.356728236590038,-1.1513552946136087,-0.04672217574670512,1.5575312001689046,0.7271373345567156,2.33667469508116,2.33667469508116
1985-10-01,0.4363634327067434,0.34521252411523484,1.044919476812739,-1.2317430068242174,-0.014344901130147747,1.4392497192956988,0.2279297768676969,2.156968620913,2.156968620913
1986-01-01,-0.49271328684337146,-0.7911485996398016,-2.456051676263149,-1.286212340122006,-0.009721028323195213,1.8238214839836342,-0.27091703384112265,2.1871303186422626,2.1871303186422626
1986-04-01,1.672300995122633,0.8793358673464313,2.088626998862381,-1.3168476612480617,-0.005467837111261531,1.3565140882275895,0.2774097246421192,2.00707573091454,2.00707573091454
1986-07-01,0.36772745022475295,0.1878474207343661,0.5995770353489249,-1.3257686936987056,-0.0015922951831726095,1.0822908839982048,0.37905718094926044,1.9383133991201476,1.9383133991201476
1986-10-01,0.11320234974896426,0.6931145321589893,0.8716472300158373,-1.2466830147100154,0.014114942615162107,0.8516490095232143,0.290083237625538,1.9686711358829125,1.9686711358829125
1987-01-01,-0.6110757218332763,-0.0008267171890841141,-1.6934243612831412,-1.151423870602116,0.016998882868435317,0.7940869730017397,0.15232047111215508,2.02631533338357,2.02631533338357
1987-04-01,1.5441546561438368,1.6025146959520065,3.10504033498612,-1.0431218748258289,0.01932285497225905,0.9306831377498881,0.9049711932698656,2.106432898790955,2.106432898790955
1987-07-01,0.9443926583475815,0.796797400141247,2.102524994564603,-0.9248440146602661,0.021098448467693487,0.7001764181767456,0.6389987771340699,2.122535127982435,2.122535127982435
1987-10-01,1.1450110230015298,0.6885856983235739,1.5271721198944266,-0.7178903465437543,0.036905766763073444,1.1852755364312628,0.21888363267112965,2.1064792170172626,2.1064792170172626
1988-01-01,0.43069459600793003,-0.3032306908892002,1.3032627693152166,-0.5085566169876756,0.03731634882289114,0.9550030206147753,0.49791583579334997,1.86337872161287,1.86337872161287
1988-04-01,0.7962588930654935,0.4432174547860823,1.8204289384746164,-0.30085885795972445,0.03701095948906996,1.1006115481038137,0.2455287272235651,1.81493858779723,1.81493858779723
1988-07-01,1.1129810880118107,1.3950324303068085,1.8826600392905624,-0.09868459395283935,0.03601354170630344,0.8900280804169824,0.4315328757730441,1.993575586552805,1.993575586552805
1988-10-01,0.8030870957818514,0.3810339424096698,1.3605393101179586,-0.03520108840211833,0.011305717070975163,1.2990909499766445,0.18301385663317404,2.11883167035527,2.11883167035527
1989-01-01,1.0505779659037096,0.7867404794398292,2.363819350577956,0.017934064092969493,0.009461806185395716,1.207227236985986,0.9294724620575678,2.378959758488595,2.378959758488595
1989-04-01,0.8291435581893492,1.1535021539897272,1.2313555543427501,0.05909527770995737,0.007328984901455726,0.8612955291079416,0.5312637445790358,2.42280887696217,2.42280887696217
1989-07-01,0.4793123752606654,0.9568800935240596,0.23735025053716052,0.08674191529007658,0.004922337318902237,1.0045023457882607,0.9505270008196121,2.525482932586475,2.525482932586475
1989-10-01,0.9199397168857981,0.6552121972863478,2.0775483032454356,0.1935644118628943,0.019016903038160393,1.354921659763697,0.6509690266650381,2.767944236217825,2.767944236217825
1990-01-01,1.2301595259234688,0.23495558120085747,2.7984566028977143,0.2822837511404259,0.01579136901179723,1.4126023481085603,1.2992683138422834,2.80638388285315,2.80638388285315
1990-04-01,0.33957167616009976,0.24982862679947537,-0.7212180903169552,0.3501947120622617,0.01208595086819031,1.41702111622104,0.8419774215131071,2.65447452140375,2.65447452140375
1990-07-01,0.8077578593094881,0.5256008921084909,0.18240556380152428,0.3946508494268528,0.00791096115237977,0.9213529678471666,0.6956288722365755,2.634054429281825,2.634054429281825
1990-10-01,0.44971746620539044,1.039261826544502,0.41565099879671275,-0.003594521963918851,-0.07089000571420812,1.1710908711565438,1.405049867793906,2.76154155085925,2.76154155085925
1991-01-01,0.5752800777768741,0.5016992911673679,-0.5603069600861987,-0.42497964037522706,-0.07506377507926487,1.3450804936753435,0.4667952500138739,2.774099306626025,2.774099306626025
1991-04-01,0.18466536928558597,0.6850987662909258,0.25241618073278405,-0.8660205592259445,-0.07862557298805584,1.4183598060638403,1.4238986373131368,2.6153598801502,2.6153598801502
1991-07-01,-0.1377460246270168,-0.08846414085466048,-0.3293944292795947,-1.323178822553018,-0.08156415853486365,1.2693220302779196,0.2156015500547781,2.626469251293025,2.626469251293025
1991-10-01,0.8385705101060736,1.1920168279373478,0.26657014501720866,-1.7070617448363237,-0.06854212003997162,1.4808628174101557,0.40267937662008535,2.683023342368875,2.683023342368875
1992-01-01,1.3928755088431721,0.6546159377774474,1.376582980221852,-2.1005839460466404,-0.07031200742826371,0.7401604425069763,1.5190783102468686,2.71228120831725,2.71228120831725
1992-04-01,-0.8687653675742091,0.04239817331306295,-2.081989032483178,-2.5013846871685246,-0.07166334400245944,0.9288407530469556,0.34764942789653475,2.7447410428128,2.7447410428128
1992-07-01,-0.37973186759119315,-0.3776460123690262,-2.2665493538185255,-2.9071124990753106,-0.0725966514086629,0.8419519748728455,1.105181333693217,2.982068530989225,2.982068530989225
1992-10-01,-0.295996087075201,0.8673499536246743,-1.2905213433436868,-3.607652314576626,-0.1254713913978911,0.8918199689427198,-0.3493864046436812,2.862883643793275,2.862883643793275
1993-01-01,-0.7758344796606753,-1.53463202809343,-3.2968502342157313,-4.306737722705634,-0.12536803494000992,1.2411092974429216,-0.6966508364417479,2.676500480119075,2.676500480119075
1993-04-01,-0.01416044892597057,-0.15634842965126516,-1.786307802795939,-4.997576879519556,-0.1240438160671431,0.9049873955553345,0.18548792067214492,2.2727802869979925,2.2727802869979925
1993-07-01,0.3293654053599937,0.4146800085501612,-0.17887935041078773,-5.673286592771888,-0.12147627779883763,0.670277472761871,-0.11869445053402927,2.030002016200395,2.030002016200395
1993-10-01,0.18106086122551268,0.60109759236886,-1.4975372169459322,-5.924587256509312,-0.045215458524516805,0.8041487098024547,-0.29561132000175405,1.85301119333247,1.85301119333247
1994-01-01,0.8457774574516019,0.3378796200298684,0.9727647380700866,-6.150049896020732,-0.04058393955093109,0.560126334419575,-0.004541439103178391,1.709980666245275,1.709980666245275
1994-04-01,0.5481001585416312,0.2747850531980012,1.2280638048713044,-6.349065434550084,-0.03583707440055761,0.6681905512351705,0.2132992898197017,1.59248199473427,1.59248199473427
1994-07-01,0.6019980930721314,0.687841350486118,0.7243062202733741,-6.521083531979457,-0.030985949380557543,0.7105920210828565,0.26250417765503187,1.5958154570447525,1.5958154570447525
1994-10-01,0.7245549287766995,0.2703644052815646,2.065102391149032,-6.5744802116204255,-0.009620399264953505,0.8247640398056255,0.3204836451569548,1.6266483584351075,1.6266483584351075
1995-01-01,0.4791928262191103,0.536313155330137,-1.479146441293433,-6.60128632456906,-0.004829965917085843,0.6262657981239705,-0.0473798025247163,1.735813624167075,1.735813624167075
1995-04-01,0.5294049199605411,0.8186661308376975,0.6098685492113565,-6.602523442873235,-0.0002229114761220785,0.9516945035939806,0.005104178292114625,1.7841465776945424,1.7841465776945424
1995-07-01,0.31533793351590234,0.1104974878742615,-0.5995866617652723,-6.579234802195401,0.0041962051016142254,0.5644029078941237,0.2140870752764812,1.6733143308101575,1.6733143308101575
1995-10-01,0.28910486420254955,0.0778073601061191,0.5661081588427486,-6.550120773934509,0.0052455902554093825,0.6022604504591023,0.20209977591907347,1.6266483584351075,1.6266483584351075
1996-01-01,-0.00268132123149023,0.7356296854484246,-2.081587016605879,-6.49829605778757,0.009336784420455047,0.3738613885730935,0.2193694806207347,1.4074840863977924,1.4074840863977924
1996-04-01,0.6863367397909492,0.43498076005550335,3.2227739412854284,-6.42455431517044,0.01328387179144741,0.3271820248396118,-0.03901410586397702,1.2841522308391975,1.2841522308391975
1996-07-01,0.5342717628133542,0.5365788196520338,0.5805563467048303,-6.329695260423023,0.017085359662871724,0.42891942755884926,0.4249062599159359,1.2499858671383575,1.2499858671383575
1996-10-01,0.317108754020623,0.023137369951209408,-0.3175409093855497,-6.241428049374576,0.015895460732551214,0.3353159669980954,0.25507880462161125,1.1466537854539776,1.1466537854539776
1997-01-01,0.2670196662322599,0.533360026064944,-0.7245546588562579,-6.1331706254180745,0.0194919173700292,0.3524470378208022,0.34669719737845384,1.1099874500188625,1.1099874500188625
1997-04-01,1.2004346376834452,0.7270776232085163,1.7398422665452884,-6.005334796493003,0.023012148517853603,0.32163327073853054,0.34767513696891683,1.081654520362785,1.081654520362785
1997-07-01,0.6831685637416207,0.5641098612034323,0.44670249395341033,-5.858353199471821,0.026452098284757142,0.40323633541889947,0.157298367959946,1.080821029786575,1.080821029786575
1997-10-01,1.0223587477419027,0.9369980742451878,1.6443688973520998,-5.465463091452193,0.07067362157675561,0.5378440408740026,-0.12100743488439036,1.10832071886362,1.10832071886362
1998-01-01,0.5741295640553812,0.37516483929191935,1.8961577950047492,-5.05933493965756,0.073002436931624,0.24915596743042556,-0.34602920820958616,1.050821368975255,1.050821368975255
1998-04-01,0.45305970642894877,0.40768861141391444,-0.14456023222901848,-4.64395026001705,0.07461122977545642,0.6141295146120385,0.16385340176121588,1.0141552835373124,1.0141552835373124
1998-07-01,0.47776988862744396,0.8392628155828197,1.6304714778976326,-4.223246278254578,0.075509981123556,0.2558790353807794,0.3272894804146276,0.9841556227259926,0.9841556227259926
1998-10-01,0.22338387506302126,0.5875519560624154,0.6581896344712845,-3.9007487909933616,0.05784482378956568,0.4712771214715694,0.3582146130678865,0.905823008387205,0.905823008387205
1999-01-01,0.8190017945422845,0.5932985721383455,1.7234206313703093,-3.57832758992015,0.057797711670826146,0.013488886654933196,0.2175046044905926,0.77215,0.77215
1999-04-01,0.4392628293182099,0.9366294996536961,1.2127405951942727,-2.574893311143569,0.17966368065183147,0.2188077086874074,0.198449157632119,0.658725,0.658725
1999-07-01,1.2241732651566473,1.2018269082159527,1.9562930589289929,-2.700285536506499,-0.022433684423983635,0.11903667612074287,1.142758703319302,0.67485,0.67485
1999-10-01,0.9598220620979259,0.8532949734790796,0.7192507399048531,-2.1721017437345154,0.0944623278462231,0.3477071991609293,0.3943105692867377,0.85765,0.85765
2000-01-01,1.264396063984563,1.2429380652522415,2.484103577708374,-1.6227769158124374,0.09814869972650797,0.39642658570473444,0.5505836820697496,0.88715,0.88715
2000-04-01,0.8224626994814077,0.8530406880844721,1.1925700947099882,-1.3441713958903847,0.04974207649341977,0.30387771043933753,0.491456758872566,1.0712,1.0712
2000-07-01,0.5607391418660068,0.6551490796027792,1.2131695221868632,-1.052728419406094,0.05200760337000787,0.4540921434610823,0.5105285774495982,1.1847,1.1847
2000-10-01,0.5107289161061068,0.36602918159562847,0.09564574385776403,-0.731856822007785,0.05722783559551914,0.6166762490881439,0.12174246538911859,1.25705,1.25705
2001-01-01,0.99441371819049,0.47285991148307005,0.0958959689464689,-0.5717126227515337,0.028549663758958843,0.7238215714826524,-0.12801777026947292,1.186175,1.186175
2001-04-01,-0.05706827785303403,0.2692631923536748,-0.509568765531343,-0.9793801564684372,-0.07269286053848134,0.617968144832659,0.5913028473925053,1.147125,1.147125
2001-07-01,0.1068199790695612,0.06508948518366697,-1.0686560001398004,-0.9856218751135657,-0.0011133971344889915,0.5976866363289091,0.26896599401418086,1.069475,1.069475
2001-10-01,-0.13053037397572353,-0.18942777773065522,-0.992313985699278,-0.9026691379664271,0.014796088480828473,0.838512955034787,-0.07022955214495141,0.86305,0.86305
2002-01-01,0.11377179758729206,-0.10031557004590574,-0.6090630546439657,-1.0449215857535137,-0.025374583198622958,0.6831843987119335,0.30291260323522806,0.840375,0.840375
2002-04-01,0.41915593046661925,0.0655947411127622,-0.7877009593662776,-0.9865683210216503,0.010409666711019838,0.34620741004696143,0.2754689133009691,0.861525,0.861525
2002-07-01,0.36023929070361227,0.2663099714602879,-0.3419311694110916,-1.0845735419975426,-0.017483816476904224,0.6566919531435289,0.1492595038557809,0.839725,0.839725
2002-10-01,0.05628226590310703,0.5326772348295483,0.6880492307935859,-1.1806971419255206,-0.01715111120974555,0.44227073477633994,0.29215966338203003,0.77905,0.77905
2003-01-01,-0.3228810789476011,0.25132725091912,-0.550873136874086,-1.1757459594317652,0.0008834998804552185,0.6336347953798338,-0.31333528938457533,0.67135,0.67135
2003-04-01,-0.05220532884848694,-0.23334172199118708,-0.37415119299166744,-1.37103657175021,-0.03485400521823223,0.5957724697760902,0.09065672168109273,0.589775,0.589775
2003-07-01,0.5473455200381672,0.3366747701804451,0.4653569359865162,-1.278523160368536,0.01651261479826971,0.628161154130602,0.5072360528162179,0.534775,0.534775
2003-10-01,0.5144407478701929,0.44760719640677404,1.0326913658466386,-1.1948382462028349,0.014934477843731031,0.22083106436951994,-0.15075004220452826,0.537325,0.537325
2004-01-01,0.4253169641315502,0.4225329066948502,-0.15833728719741869,-1.4248802222779204,-0.041058840725316514,0.517097150027368,0.37599817648086287,0.51545,0.51545
2004-04-01,0.49176584832877346,0.21851751359125426,1.052203285870934,-1.1548285841651023,0.04819820954775622,0.6097004266609751,-0.12368457222624585,0.52085,0.52085
2004-07-01,0.1077694402628282,0.14105936412440734,0.3495142484060243,-1.2157016295853964,-0.010862456481763871,0.3602930446424679,0.06396240455561752,0.529075,0.529075
2004-10-01,0.31288730141225685,0.569398887421424,0.41723316906298047,-1.105920127253853,0.019589043903067704,0.5895763560917366,-0.08667419928798381,0.541,0.541
2005-01-01,0.14672904072603465,0.345984363481433,0.14715427477495213,-1.117516394400127,-0.0020690178528681713,0.37874686780181577,0.21394235732472566,0.5351,0.5351
2005-04-01,0.5267287520930974,0.5682535733670502,1.761974382132836,-0.4122682643325106,0.12575329231756527,0.46218157464270604,-0.4211521590423928,0.5311,0.5311
2005-07-01,0.6871851215764835,0.7136842171187041,1.3494047671241738,-0.5682828719100144,-0.027805455885854258,0.4232420096202283,0.5872490677507614,0.532625,0.532625
2005-10-01,0.48819879090968854,0.014256216110175579,0.5729886266334083,0.0497865203864194,0.11010911030098214,0.7175760638015838,-0.10202891445896256,0.585925,0.585925
2006-01-01,0.8009618858536793,0.9505156260258163,1.536869193864987,0.4649118430170347,0.07388660519120904,0.2502081898105857,0.021340454283169663,0.6534,0.6534
2006-04-01,1.0715012196139462,0.677818698491528,2.6762728233274524,0.8457707693247585,0.06773967200519593,0.5668221883754043,0.1385714712144548,0.723925,0.723925
2006-07-01,0.5131471304995028,0.11581536270661719,0.7867887772316506,1.3956545667789442,0.0977216002892689,0.6070966873043204,-0.0933325592804124,0.805375,0.805375
2006-10-01,1.0303840710644607,0.3576294940015545,2.2053599759840226,1.8082957079968764,0.07326910372933426,0.5454674299653739,0.07420473613208856,0.89755,0.89755
2007-01-01,0.5832267737198027,-0.004559692494110479,1.0891775346377308,2.208631123183295,0.0710328135771654,0.8398470461509433,-0.18669292529320813,0.9551,0.9551
2007-04-01,0.601722087972778,0.8796134217586626,0.6204395250368311,2.534322215829775,0.05775123012945471,0.42145736193992533,0.2843393832497654,1.01695,1.01695
2007-07-01,0.3432615861866495,0.33712622657924296,0.22997612841548776,2.9663823293897167,0.07656104871101022,0.48290459136222097,0.037679687268799,1.123425,1.123425
2007-10-01,0.4599397858342513,0.5546792783090115,1.5015961077785356,3.1825434079122488,0.03828175387701194,0.7575481053378574,0.532812484434686,1.1796,1.1796
2008-01-01,0.5478763617936977,0.4351696633282165,-0.1635195855662297,3.4404393841359706,0.04565376821545897,0.49026744901663477,0.7557527737700909,1.119075,1.119075
2008-04-01,-0.48643957314276065,-0.12307585406676758,-1.4020712625319565,3.2174467467426666,-0.039473821128233055,0.5998120624028047,0.2625442408758616,1.214825,1.214825
2008-07-01,-0.5399512943829343,-0.03226322407465787,-1.1939273800367411,2.7772128376903993,-0.07797531990920703,0.2184238797943827,0.9947213945796562,1.245425,1.245425
2008-10-01,-1.80881939799038,-1.5496001016351402,-3.815506290403381,2.2169608857718686,-0.09932121876667921,0.3464662926226936,0.07604606198317043,1.0606,1.0606
2009-01-01,-3.1461188560512277,-1.9069904737512244,-6.531588827286239,0.458950701220715,-0.3123012458383201,0.4308981343117857,0.5220249312756664,0.5017,0.5017
2009-04-01,-0.04246594574639495,0.28582131281651435,-2.909570819717211,-0.5104623133224777,-0.1726292213419356,-0.059428181786191914,0.7329831879671289,0.327,0.327
2009-07-01,0.39233251169767946,0.207150148988422,-0.6975829980001125,-0.9783962009391871,-0.08343457158490608,0.027200330601306888,0.6793081004149215,0.217725,0.217725
2009-10-01,0.49951292693286575,0.4587759660469981,-0.3130370771265434,-1.2425805253220688,-0.047135934982911465,0.23542679445469616,0.47290169148705985,0.1805,0.1805
2010-01-01,0.3803713447614765,0.40932848167045677,-0.4895049654181638,-1.1568014928022876,0.01530718545019738,0.09742918322510619,0.13154146179950033,0.165325,0.165325
2010-04-01,1.0011048119331623,0.6422337474779161,2.5143381141725207,-0.9017922700483041,0.04549231733967929,0.17353017810668447,0.28059963631434925,0.1719,0.1719
2010-07-01,0.48792434444773214,0.3472114068909571,-0.42977507686898786,-0.9554531776071826,-0.009571107356798336,0.42403031742139774,0.06043645902469308,0.218725,0.218725
2010-10-01,0.5704326775248347,0.7777352815135918,0.24044019039992648,-0.8877851425601193,0.012069306456652384,0.1924199135099336,0.3637540445975418,0.2552,0.2552
2011-01-01,0.9427682899052492,0.3169433335822536,1.8485541680322681,-0.1877824936051411,0.1247674409523114,0.2745286995124552,-0.09821088629049513,0.27395,0.27395
2011-04-01,0.08193069278474852,0.16891416265525372,0.019708461954970335,-0.5200174258081915,-0.059197656796072806,0.24504588268330352,0.733633771150366,0.353975,0.353975
2011-07-01,0.045553940527298664,-0.08431074878592071,-0.11955553895509619,-0.6452494656815588,-0.02232295598219025,0.3304054920962862,0.024310705486030315,0.39035,0.39035
2011-10-01,-0.27134147578067314,-0.12385280575957225,-0.5720808812039957,-0.9074314178199074,-0.04675079813702965,0.28895056173787736,0.3283746112309416,0.37385,0.37385
2012-01-01,-0.20090464154014498,0.12336022036436578,-1.3542300888381598,-1.2581376491606306,-0.06257013666832734,0.3587915045711654,0.3168652190943533,0.260725,0.260725
2012-04-01,-0.3168129395206609,-0.3767014546483427,-0.4839770096772278,-1.7975125145142101,-0.0963073236372125,0.27436741266537723,0.5942449932467397,0.173575,-0.0811812292503755
2012-07-01,-0.10736301167444395,-0.2736029704526244,-1.5161398381900337,-2.030234385279641,-0.04158198766957,0.36725605592300425,-0.05859875325473496,0.0904,-0.153915423711103
2012-10-01,-0.3501289466574242,-0.1314971429035472,-1.2701526226492343,-2.5903567126603093,-0.10015178325852858,0.21815144850050316,0.3699591821078485,0.04895,-0.262325977467
2013-01-01,-0.3693872969569245,-0.6768584152696322,-2.573310180541122,-3.1621230354699037,-0.1023373277216244,0.6071440294324937,0.3349592957643921,0.0528,-0.3521850625258375
2013-04-01,0.6706277096295121,0.14584494145175597,0.9858863290656439,-2.8919366521957954,0.04837223531142243,0.173897965742853,-0.09194520613959867,0.051675,-0.2856309587629725
2013-07-01,0.3176703158777272,0.39428016251255027,0.8540808876436934,-2.7475855403898777,0.025834002569613546,0.13408125016205474,0.24640188338729274,0.055875,-0.3567780163986675
2013-10-01,0.2770543267891501,0.20794282059279912,1.1594003326855118,-2.4836385154840173,0.04722040395090943,0.05011372064327446,0.03699372251961819,0.059975,-0.19476472876080775
2014-01-01,0.43208411596209473,-0.3033194932001049,-0.3449426749892126,-2.3153408597408998,0.03009699271903088,0.5505579524377247,-0.01562631405072068,0.0738,-0.28297261037074
2014-04-01,0.21305466564172093,0.21406499937328682,-0.5947847646711191,-2.3128297834488194,0.0004489920137018544,0.1359710648617174,0.43026422300975753,0.074525,-0.3501919072232725
2014-07-01,0.48561813973124757,0.3973889280509679,0.7450160004377815,-2.107782019330898,0.03665668352690332,0.16827133893189128,0.3025603743374461,0.0412,-0.42078556522187
2014-10-01,0.34696964511211625,0.3071542768478652,0.20915000896580827,-1.666747878486035,0.07879880379881854,0.30236718175569166,-0.1644787077959009,0.020375,-0.5216556153673375
2015-01-01,0.7043983338178794,-0.33430607191322625,-0.6715601662846904,-1.9682828045764609,-0.05386800689306526,0.5196099900965478,0.3352012410502425,0.011425,-0.56953967488159
2015-04-01,0.43883949643039877,0.7929647500798387,7.541968089002083,-1.4673705879862382,0.08947003143946475,0.3877073414495946,0.030475489576176074,-0.001675,-0.5520350216770575
2015-07-01,0.4270547160701188,0.12783496774591008,-5.182623870163439,-1.230407365797987,0.0422971198129396,0.3956111221008918,0.033512028615589884,-0.006925,-0.3380711533770425
2015-10-01,0.5042329629766584,0.3238472299827988,3.648950348156832,-0.8736298042318822,0.06364984006461682,0.14372744990760467,0.33185629878573764,-0.0223,-0.399662438189785
2016-01-01,0.5377289059533386,0.20070867368500167,-0.2631667800763404,-0.10655321896751957,0.13671098284824268,0.19318965785730668,-0.2557052857918407,-0.046675,-0.5619774983404425
2016-04-01,0.25144456826677875,0.3710611613710002,0.47118814723614566,0.15608250560092074,0.04676490928616772,0.15914775075724918,0.20965084508794973,-0.06455,-0.69595989680786
2016-07-01,0.4742598635371298,0.37104132036192006,1.1828585472799413,0.23944261224630736,0.014838527000282653,0.28489648577796345,0.48485949364813763,-0.07455,-0.73578003203908
2016-10-01,0.7588076633348706,1.02280617695365,1.876223003325661,0.5206085839870411,0.05003275508013161,0.10907312242709466,0.5517581938121907,-0.078125,-0.891416808461395
2017-01-01,0.7884510094787522,0.6107943472192678,-1.1171082842961089,1.0807951634469646,0.09960918866669388,0.3051449013955043,0.18109261435554913,-0.08195,-0.6855996213111125
2017-04-01,0.7799736811800351,0.4247836419917439,7.860680479149984,1.4785583659300983,0.07066779871038875,0.43655846772781004,0.1588578148320252,-0.082475,-0.5343616988914325
2017-07-01,0.7786789192639976,0.3529857033335304,-4.734358067006205,1.8500680888877241,0.06595845361765384,0.267849056413727,0.29669613764813363,-0.0824,-0.482064692240315
2017-10-01,0.8095428292950402,0.4557918723915755,0.7544162982200064,2.4290955784491643,0.10271483732671172,0.4105383258282025,0.1730077380003081,-0.082225,-0.4661784637874175
2018-01-01,0.056094429935305,0.6243377045877407,0.4580529619647833,2.3903275267525714,-0.006873847281063661,0.36493713709022657,0.5849966598379552,-0.082075,-0.47786966752074
2018-04-01,0.4840331205492099,0.43717445100097674,2.2131055265582122,3.4037615561775283,0.1795338736780394,0.2979293388317039,-0.05209983565759302,-0.0813,-0.303279629553085
2018-07-01,0.09100206817684864,0.09494632543378678,0.7351894742530396,3.6781371007635926,0.048551325524481825,0.48792574020346535,0.28666074098460115,-0.079875,-0.31556828509801
2018-10-01,0.6743523578809807,0.33356190496347526,4.619767481421055,3.9501267144872827,0.04810587556987045,0.5135671519041374,0.0652024493868808,-0.078875,-0.354880088255315
2019-01-01,0.6448709209416759,-0.07993739065077499,-2.781281636222266,4.498987408359653,0.09700470900240177,0.39852544427967374,0.08354391189566712,-0.077125,-0.3146464844945925
2019-04-01,0.39751501098654884,0.5719151773015296,7.384655725670641,4.25031886095519,-0.04393759932064256,0.2740774074323937,1.024843150841015,-0.079225,-0.42022696137421
2019-07-01,0.2728716284580823,0.4388568877460086,-5.666371222380839,4.456570122207722,0.036444194221996185,0.4512618794276335,0.12234758811082713,-0.098975,-0.55728148009727
2019-10-01,-0.06389011746179563,-0.04377282198886334,9.768453298537716,4.461251993376777,0.0008271233233436703,0.5603403419799591,-0.15421738264471685,-0.10085,-0.95025970772465
2020-01-01,-3.499382611318369,-5.624041850602657,-5.233637129174817,0.07620135595834654,-0.7776985361092947,0.6243350764829181,2.86837670126161,-0.10135,-0.8214489457803925
2020-04-01,-11.682818745294243,-14.110565328697877,-21.448294605229833,-14.46495612026115,-2.6230643992156466,1.1062156826087133,5.985490526749793,-0.075775,-0.6288215609284125
2020-07-01,11.019859187929315,13.89811029342547,13.543739247580044,-1.347541483248392,2.3692541870931727,-1.0479663384732163,-5.2354201559678515,-0.1178,-0.5991696960479574
2020-10-01,0.20391552799710055,-3.0390514326346096,4.319575894890204,-1.7495686162639004,-0.07178604628856888,0.7524185734146371,0.6900691828573002,-0.130675,-0.61937591415362
2021-01-01,0.47338462646462354,-1.3728043546554103,-2.171020202894469,-1.7140747379219192,0.006339868501292756,0.7580981875302761,-0.5408156406934594,-0.135575,-0.685592016047465
2021-04-01,2.3280980541050322,3.799767474771465,3.294242111188339,1.64767872944185,0.5986572853942107,0.2352441850665521,-1.877896567959425,-0.135125,-0.5897492402517275
2021-07-01,1.8096814125753369,3.7645576755406474,0.13057799622379074,2.548717151269102,0.15984875142445176,1.1714186936769622,1.0090455888297711,-0.13645,-0.50704919362247
2021-10-01,0.6977982206484157,0.8717168873659586,3.690836925844143,3.3108676879436416,0.13501015410115613,1.034953526597171,-0.39947291325734824,-0.141725,-0.52450245199956
2022-01-01,0.335349609361435,0.9506562449564271,-0.8813290311236677,4.180705273899662,0.15386383440096907,1.5701974391652662,-1.0192009249694323,-0.131975,-0.27614499790863
2022-04-01,0.8676484742120127,1.593542601640885,1.6830632248346133,4.948235294311303,0.13557052046877516,1.1546619306029626,-0.6862090452120384,-0.088325,-0.113770456085406
2022-07-01,0.4808227840392476,1.7983407354950964,1.6443080083881956,4.947363635530223,-0.00015385881448892746,1.172482961074106,0.52645736820498,0.12155,0.12155
2022-10-01,-0.13983908933314915,-0.3936138736234662,-0.7989473880583686,5.360653315808463,0.07292432275765037,1.9123605956756329,-0.2630627768757776,0.44325,0.44325
2023-01-01,-0.07858099196540458,-0.15760666787689726,-1.1483304313106624,6.128047264912311,0.13526458793826635,1.8953217432660097,-0.8584256520915545,0.659,0.659
2023-04-01,0.03985219962268083,0.13346535599518816,-0.5813579665810087,6.2385832643559525,0.019468546082368476,1.032716793839672,-0.0427559668331412,0.8406,0.8406
2023-07-01,-0.0007543534691123455,0.38234502500671397,-0.23501873095277404,6.236704260509896,-0.0003309145705010508,0.7633565755617688,0.6348851241099851,0.944375,0.944375
2023-10-01,0.001810792047463039,-0.6082586538966872,0.7255676969673219,6.377342710002495,0.024765051275288386,1.1006611470177674,0.27456772830820597,0.98945,0.98945
2024-01-01,0.2603116585193632,0.3809715609574438,-2.5338067735258707,6.625993414842696,0.04376994815400437,0.6523547358654902,0.5073531960709587,0.9809,0.9809
2024-04-01,0.13367946174205336,-0.16308284989987598,-2.5407132973983115,6.808836258550855,0.03217358065494835,0.4189675643809565,-0.05155549601152387,0.9527,0.9527
